k,adjustedAlpha,time
10,7.8125E-4,0.258775283
15,2.685546875E-4,0.703194688
20,1.220703125E-4,1.164893943
25,7.324218750000001E-5,2.676588811
30,4.8828125E-5,5.616451416
35,3.6621093750000005E-5,13.889447547
40,2.44140625E-5,27.83473018
45,1.8310546875000003E-5,64.256331928
50,1.220703125E-5,114.957540866
