k,adjustedAlpha,time
10,7.8125E-4,0.338457707
15,2.685546875E-4,0.345648354
20,1.220703125E-4,0.674186019
25,9.1552734375E-5,0.798036603
30,3.8743019104003906E-5,4.038633356
35,3.4713745117187505E-5,4.816489454
40,2.6702880859375E-5,9.577335518
45,1.609325408935547E-5,16.87160223
50,1.3768672943115234E-5,38.629760063
