k,adjustedAlpha,time
10,7.8125E-4,0.285750126
15,0.0,0.270726745
20,1.0986328124999993E-4,0.573845356
25,7.82379342152788E-5,1.176896484
30,4.7119018430971654E-5,2.56734577
35,3.54766845703125E-5,2.962024955
40,3.273504559688493E-5,9.985418898
45,1.7028456928523623E-5,21.587189158
50,1.4949949584219438E-5,49.32155043
