k,alpha,p1,p2
50,0.00263671875,0.1,0.8
50,0.0015140533447265626,0.2,0.7000000000000001
50,9.269714355468752E-4,0.30000000000000004,0.6000000000000001
50,8.789062500000001E-4,0.4,0.5
50,8.331298828125001E-4,0.5,0.4
50,8.651733398437502E-4,0.6000000000000001,0.30000000000000004
50,9.887695312500002E-4,0.7000000000000001,0.2
50,0.00263671875,0.8,0.1
