k,alpha,p1,p2
50,0.0060562133789062505,0.1,0.8
50,0.00327143669128418,0.2,0.7000000000000001
50,0.0025984168052673342,0.30000000000000004,0.6000000000000001
50,0.0019826889038085938,0.4,0.5
50,0.0019789338111877446,0.5,0.4
50,0.0025279283523559574,0.6000000000000001,0.30000000000000004
50,0.0031741380691528323,0.7000000000000001,0.2
50,0.005839920043945312,0.8,0.1
