k,alpha,p1,p2
50,0.009429574012756348,0.1,0.8
50,0.00624847412109375,0.2,0.7000000000000001
50,0.0039276123046875,0.30000000000000004,0.6000000000000001
50,0.004443025588989257,0.4,0.5
50,0.003873968124389648,0.5,0.4
50,0.0044345855712890625,0.6000000000000001,0.30000000000000004
50,0.00624847412109375,0.7000000000000001,0.2
50,0.009429574012756348,0.8,0.1
