k,dcg@kFair,dcg@kUnfair
10,4.208234421198361,4.265216321309655
15,5.430025477140655,5.430025477140655
20,6.307589737233769,6.444392805995605
25,7.1343062613030375,7.373850200216549
30,7.996887015964229,8.244011227067885
35,8.81690510481298,9.070494739253142
40,9.57122509855553,9.859246017172676
45,10.269109616717216,10.619328840284313
50,10.98745294246973,11.35499014806405
